DateID;Year;Month;WeekDay;Date
44338;2021;May;Sat;05/22/2021
44218;2021;Jan;Fri;01/22/2021
43916;2020;Mar;Thu;03/26/2020
44392;2021;Jul;Thu;07/15/2021
43953;2020;May;Sat;05/02/2020
43864;2020;Feb;Mon;02/03/2020
44294;2021;Apr;Thu;04/08/2021
43901;2020;Mar;Wed;03/11/2020
44347;2021;May;Mon;05/31/2021
44314;2021;Apr;Wed;04/28/2021
44063;2020;Aug;Thu;08/20/2020
43922;2020;Apr;Wed;04/01/2020
44250;2021;Feb;Tue;02/23/2021
44024;2020;Jul;Sun;07/12/2020
44007;2020;Jun;Thu;06/25/2020
44278;2021;Mar;Tue;03/23/2021
44101;2020;Sep;Sun;09/27/2020
43968;2020;May;Sun;05/17/2020
44141;2020;Nov;Fri;11/06/2020
44335;2021;May;Wed;05/19/2021
44398;2021;Jul;Wed;07/21/2021
44368;2021;Jun;Mon;06/21/2021
44336;2021;May;Thu;05/20/2021
44090;2020;Sep;Wed;09/16/2020
44284;2021;Mar;Mon;03/29/2021
44155;2020;Nov;Fri;11/20/2020
43926;2020;Apr;Sun;04/05/2020
44226;2021;Jan;Sat;01/30/2021
44110;2020;Oct;Tue;10/06/2020
44133;2020;Oct;Thu;10/29/2020
43981;2020;May;Sat;05/30/2020
43933;2020;Apr;Sun;04/12/2020
44299;2021;Apr;Tue;04/13/2021
43952;2020;May;Fri;05/01/2020
44144;2020;Nov;Mon;11/09/2020
44349;2021;Jun;Wed;06/02/2021
43888;2020;Feb;Thu;02/27/2020
44128;2020;Oct;Sat;10/24/2020
44125;2020;Oct;Wed;10/21/2020
44313;2021;Apr;Tue;04/27/2021
43914;2020;Mar;Tue;03/24/2020
43841;2020;Jan;Sat;01/11/2020
44222;2021;Jan;Tue;01/26/2021
44242;2021;Feb;Mon;02/15/2021
44035;2020;Jul;Thu;07/23/2020
44286;2021;Mar;Wed;03/31/2021
44131;2020;Oct;Tue;10/27/2020
44138;2020;Nov;Tue;11/03/2020
43886;2020;Feb;Tue;02/25/2020
44162;2020;Nov;Fri;11/27/2020
44038;2020;Jul;Sun;07/26/2020
44126;2020;Oct;Thu;10/22/2020
43986;2020;Jun;Thu;06/04/2020
44327;2021;May;Tue;05/11/2021
44303;2021;Apr;Sat;04/17/2021
43906;2020;Mar;Mon;03/16/2020
43893;2020;Mar;Tue;03/03/2020
43961;2020;May;Sun;05/10/2020
43876;2020;Feb;Sat;02/15/2020
43846;2020;Jan;Thu;01/16/2020
44320;2021;May;Tue;05/04/2021
44160;2020;Nov;Wed;11/25/2020
44145;2020;Nov;Tue;11/10/2020
44012;2020;Jun;Tue;06/30/2020
44339;2021;May;Sun;05/23/2021
43891;2020;Mar;Sun;03/01/2020
44180;2020;Dez;Tue;12/15/2020
43937;2020;Apr;Thu;04/16/2020
44036;2020;Jul;Fri;07/24/2020
43853;2020;Jan;Thu;01/23/2020
43938;2020;Apr;Fri;04/17/2020
44356;2021;Jun;Wed;06/09/2021
44258;2021;Mar;Wed;03/03/2021
44098;2020;Sep;Thu;09/24/2020
44221;2021;Jan;Mon;01/25/2021
44071;2020;Aug;Fri;08/28/2020
44408;2021;Jul;Sat;07/31/2021
44023;2020;Jul;Sat;07/11/2020
43930;2020;Apr;Thu;04/09/2020
44165;2020;Nov;Mon;11/30/2020
44265;2021;Mar;Wed;03/10/2021
44194;2020;Dez;Tue;12/29/2020
44078;2020;Sep;Fri;09/04/2020
44032;2020;Jul;Mon;07/20/2020
43863;2020;Feb;Sun;02/02/2020
44396;2021;Jul;Mon;07/19/2021
44069;2020;Aug;Wed;08/26/2020
43954;2020;May;Sun;05/03/2020
44239;2021;Feb;Fri;02/12/2021
44073;2020;Aug;Sun;08/30/2020
44334;2021;May;Tue;05/18/2021
44366;2021;Jun;Sat;06/19/2021
44229;2021;Feb;Tue;02/02/2021
44304;2021;Apr;Sun;04/18/2021
44086;2020;Sep;Sat;09/12/2020
44039;2020;Jul;Mon;07/27/2020
44283;2021;Mar;Sun;03/28/2021
44132;2020;Oct;Wed;10/28/2020
44044;2020;Aug;Sat;08/01/2020
43918;2020;Mar;Sat;03/28/2020
44406;2021;Jul;Thu;07/29/2021
44386;2021;Jul;Fri;07/09/2021
43955;2020;May;Mon;05/04/2020
44061;2020;Aug;Tue;08/18/2020
43908;2020;Mar;Wed;03/18/2020
44193;2020;Dez;Mon;12/28/2020
44351;2021;Jun;Fri;06/04/2021
44184;2020;Dez;Sat;12/19/2020
44181;2020;Dez;Wed;12/16/2020
43848;2020;Jan;Sat;01/18/2020
44200;2021;Jan;Mon;01/04/2021
44066;2020;Aug;Sun;08/23/2020
44253;2021;Feb;Fri;02/26/2021
43980;2020;May;Fri;05/29/2020
43896;2020;Mar;Fri;03/06/2020
43965;2020;May;Thu;05/14/2020
43943;2020;Apr;Wed;04/22/2020
44268;2021;Mar;Sat;03/13/2021
44350;2021;Jun;Thu;06/03/2021
44027;2020;Jul;Wed;07/15/2020
44377;2021;Jun;Wed;06/30/2021
44167;2020;Dez;Wed;12/02/2020
43859;2020;Jan;Wed;01/29/2020
44305;2021;Apr;Mon;04/19/2021
44192;2020;Dez;Sun;12/27/2020
43941;2020;Apr;Mon;04/20/2020
43860;2020;Jan;Thu;01/30/2020
44031;2020;Jul;Sun;07/19/2020
43894;2020;Mar;Wed;03/04/2020
43902;2020;Mar;Thu;03/12/2020
43899;2020;Mar;Mon;03/09/2020
44161;2020;Nov;Thu;11/26/2020
43905;2020;Mar;Sun;03/15/2020
43940;2020;Apr;Sun;04/19/2020
44109;2020;Oct;Mon;10/05/2020
44330;2021;May;Fri;05/14/2021
44037;2020;Jul;Sat;07/25/2020
44359;2021;Jun;Sat;06/12/2021
44260;2021;Mar;Fri;03/05/2021
43927;2020;Apr;Mon;04/06/2020
44013;2020;Jul;Wed;07/01/2020
43913;2020;Mar;Mon;03/23/2020
43890;2020;Feb;Sat;02/29/2020
44332;2021;May;Sun;05/16/2021
44371;2021;Jun;Thu;06/24/2021
44301;2021;Apr;Thu;04/15/2021
44008;2020;Jun;Fri;06/26/2020
43895;2020;Mar;Thu;03/05/2020
44397;2021;Jul;Tue;07/20/2021
43872;2020;Feb;Tue;02/11/2020
43979;2020;May;Thu;05/28/2020
44115;2020;Oct;Sun;10/11/2020
44325;2021;May;Sun;05/09/2021
43909;2020;Mar;Thu;03/19/2020
44190;2020;Dez;Fri;12/25/2020
43967;2020;May;Sat;05/16/2020
43921;2020;Mar;Tue;03/31/2020
43839;2020;Jan;Thu;01/09/2020
43988;2020;Jun;Sat;06/06/2020
44244;2021;Feb;Wed;02/17/2021
44047;2020;Aug;Tue;08/04/2020
44353;2021;Jun;Sun;06/06/2021
44111;2020;Oct;Wed;10/07/2020
43972;2020;May;Thu;05/21/2020
44209;2021;Jan;Wed;01/13/2021
44150;2020;Nov;Sun;11/15/2020
44363;2021;Jun;Wed;06/16/2021
44033;2020;Jul;Tue;07/21/2020
44210;2021;Jan;Thu;01/14/2021
43843;2020;Jan;Mon;01/13/2020
43884;2020;Feb;Sun;02/23/2020
44267;2021;Mar;Fri;03/12/2021
44095;2020;Sep;Mon;09/21/2020
44362;2021;Jun;Tue;06/15/2021
43931;2020;Apr;Fri;04/10/2020
44187;2020;Dez;Tue;12/22/2020
43942;2020;Apr;Tue;04/21/2020
44168;2020;Dez;Thu;12/03/2020
44127;2020;Oct;Fri;10/23/2020
44384;2021;Jul;Wed;07/07/2021
43897;2020;Mar;Sat;03/07/2020
44385;2021;Jul;Thu;07/08/2021
44123;2020;Oct;Mon;10/19/2020
44399;2021;Jul;Thu;07/22/2021
44400;2021;Jul;Fri;07/23/2021
44401;2021;Jul;Sat;07/24/2021
44237;2021;Feb;Wed;02/10/2021
44183;2020;Dez;Fri;12/18/2020
44276;2021;Mar;Sun;03/21/2021
43880;2020;Feb;Wed;02/19/2020
44030;2020;Jul;Sat;07/18/2020
44065;2020;Aug;Sat;08/22/2020
43867;2020;Feb;Thu;02/06/2020
44009;2020;Jun;Sat;06/27/2020
44077;2020;Sep;Thu;09/03/2020
44174;2020;Dez;Wed;12/09/2020
43868;2020;Feb;Fri;02/07/2020
44232;2021;Feb;Fri;02/05/2021
43963;2020;May;Tue;05/12/2020
44094;2020;Sep;Sun;09/20/2020
44097;2020;Sep;Wed;09/23/2020
44328;2021;May;Wed;05/12/2021
44302;2021;Apr;Fri;04/16/2021
44246;2021;Feb;Fri;02/19/2021
44319;2021;May;Mon;05/03/2021
43834;2020;Jan;Sat;01/04/2020
44316;2021;Apr;Fri;04/30/2021
44288;2021;Apr;Fri;04/02/2021
44291;2021;Apr;Mon;04/05/2021
44006;2020;Jun;Wed;06/24/2020
44307;2021;Apr;Wed;04/21/2021
43889;2020;Feb;Fri;02/28/2020
44172;2020;Dez;Mon;12/07/2020
44020;2020;Jul;Wed;07/08/2020
44091;2020;Sep;Thu;09/17/2020
43844;2020;Jan;Tue;01/14/2020
44323;2021;May;Fri;05/07/2021
44214;2021;Jan;Mon;01/18/2021
44011;2020;Jun;Mon;06/29/2020
44177;2020;Dez;Sat;12/12/2020
44404;2021;Jul;Tue;07/27/2021
43958;2020;May;Thu;05/07/2020
44001;2020;Jun;Fri;06/19/2020
43833;2020;Jan;Fri;01/03/2020
44240;2021;Feb;Sat;02/13/2021
44064;2020;Aug;Fri;08/21/2020
44142;2020;Nov;Sat;11/07/2020
43948;2020;Apr;Mon;04/27/2020
44287;2021;Apr;Thu;04/01/2021
43871;2020;Feb;Mon;02/10/2020
44102;2020;Sep;Mon;09/28/2020
43850;2020;Jan;Mon;01/20/2020
44312;2021;Apr;Mon;04/26/2021
43949;2020;Apr;Tue;04/28/2020
44005;2020;Jun;Tue;06/23/2020
43983;2020;Jun;Mon;06/01/2020
43840;2020;Jan;Fri;01/10/2020
44292;2021;Apr;Tue;04/06/2021
43999;2020;Jun;Wed;06/17/2020
44158;2020;Nov;Mon;11/23/2020
44257;2021;Mar;Tue;03/02/2021
43878;2020;Feb;Mon;02/17/2020
43978;2020;May;Wed;05/27/2020
44266;2021;Mar;Thu;03/11/2021
43842;2020;Jan;Sun;01/12/2020
44236;2021;Feb;Tue;02/09/2021
44019;2020;Jul;Tue;07/07/2020
44357;2021;Jun;Thu;06/10/2021
44182;2020;Dez;Thu;12/17/2020
44148;2020;Nov;Fri;11/13/2020
44028;2020;Jul;Thu;07/16/2020
44085;2020;Sep;Fri;09/11/2020
44367;2021;Jun;Sun;06/20/2021
44197;2021;Jan;Fri;01/01/2021
43917;2020;Mar;Fri;03/27/2020
44079;2020;Sep;Sat;09/05/2020
44053;2020;Aug;Mon;08/10/2020
44029;2020;Jul;Fri;07/17/2020
44203;2021;Jan;Thu;01/07/2021
44040;2020;Jul;Tue;07/28/2020
44311;2021;Apr;Sun;04/25/2021
44093;2020;Sep;Sat;09/19/2020
44022;2020;Jul;Fri;07/10/2020
44234;2021;Feb;Sun;02/07/2021
44139;2020;Nov;Wed;11/04/2020
44171;2020;Dez;Sun;12/06/2020
44308;2021;Apr;Thu;04/22/2021
43936;2020;Apr;Wed;04/15/2020
44059;2020;Aug;Sun;08/16/2020
43973;2020;May;Fri;05/22/2020
44376;2021;Jun;Tue;06/29/2021
43985;2020;Jun;Wed;06/03/2020
44375;2021;Jun;Mon;06/28/2021
44050;2020;Aug;Fri;08/07/2020
43838;2020;Jan;Wed;01/08/2020
44372;2021;Jun;Fri;06/25/2021
43925;2020;Apr;Sat;04/04/2020
44220;2021;Jan;Sun;01/24/2021
44263;2021;Mar;Mon;03/08/2021
44113;2020;Oct;Fri;10/09/2020
44348;2021;Jun;Tue;06/01/2021
44108;2020;Oct;Sun;10/04/2020
44315;2021;Apr;Thu;04/29/2021
44275;2021;Mar;Sat;03/20/2021
44151;2020;Nov;Mon;11/16/2020
44058;2020;Aug;Sat;08/15/2020
44293;2021;Apr;Wed;04/07/2021
44026;2020;Jul;Tue;07/14/2020
43982;2020;May;Sun;05/31/2020
44084;2020;Sep;Thu;09/10/2020
43832;2020;Jan;Thu;01/02/2020
44373;2021;Jun;Sat;06/26/2021
44206;2021;Jan;Sun;01/10/2021
44259;2021;Mar;Thu;03/04/2021
43836;2020;Jan;Mon;01/06/2020
43892;2020;Mar;Mon;03/02/2020
44208;2021;Jan;Tue;01/12/2021
44056;2020;Aug;Thu;08/13/2020
44096;2020;Sep;Tue;09/22/2020
43900;2020;Mar;Tue;03/10/2020
43866;2020;Feb;Wed;02/05/2020
43994;2020;Jun;Fri;06/12/2020
44343;2021;May;Thu;05/27/2021
44149;2020;Nov;Sat;11/14/2020
43923;2020;Apr;Thu;04/02/2020
44388;2021;Jul;Sun;07/11/2021
43847;2020;Jan;Fri;01/17/2020
43904;2020;Mar;Sat;03/14/2020
43920;2020;Mar;Mon;03/30/2020
43877;2020;Feb;Sun;02/16/2020
44070;2020;Aug;Thu;08/27/2020
44256;2021;Mar;Mon;03/01/2021
44374;2021;Jun;Sun;06/27/2021
44281;2021;Mar;Fri;03/26/2021
43855;2020;Jan;Sat;01/25/2020
44201;2021;Jan;Tue;01/05/2021
43935;2020;Apr;Tue;04/14/2020
44219;2021;Jan;Sat;01/23/2021
44004;2020;Jun;Mon;06/22/2020
44117;2020;Oct;Tue;10/13/2020
44212;2021;Jan;Sat;01/16/2021
44199;2021;Jan;Sun;01/03/2021
44261;2021;Mar;Sat;03/06/2021
44342;2021;May;Wed;05/26/2021
43966;2020;May;Fri;05/15/2020
44279;2021;Mar;Wed;03/24/2021
44361;2021;Jun;Mon;06/14/2021
44389;2021;Jul;Mon;07/12/2021
44378;2021;Jul;Thu;07/01/2021
44230;2021;Feb;Wed;02/03/2021
44296;2021;Apr;Sat;04/10/2021
44306;2021;Apr;Tue;04/20/2021
44274;2021;Mar;Fri;03/19/2021
44355;2021;Jun;Tue;06/08/2021
43944;2020;Apr;Thu;04/23/2020
44321;2021;May;Wed;05/05/2021
44121;2020;Oct;Sat;10/17/2020
44143;2020;Nov;Sun;11/08/2020
44387;2021;Jul;Sat;07/10/2021
44352;2021;Jun;Sat;06/05/2021
43989;2020;Jun;Sun;06/07/2020
44255;2021;Feb;Sun;02/28/2021
44185;2020;Dez;Sun;12/20/2020
44017;2020;Jul;Sun;07/05/2020
44176;2020;Dez;Fri;12/11/2020
43984;2020;Jun;Tue;06/02/2020
44360;2021;Jun;Sun;06/13/2021
44140;2020;Nov;Thu;11/05/2020
44135;2020;Oct;Sat;10/31/2020
44340;2021;May;Mon;05/24/2021
44014;2020;Jul;Thu;07/02/2020
43845;2020;Jan;Wed;01/15/2020
44270;2021;Mar;Mon;03/15/2021
44134;2020;Oct;Fri;10/30/2020
43993;2020;Jun;Thu;06/11/2020
44346;2021;May;Sun;05/30/2021
44075;2020;Sep;Tue;09/01/2020
44130;2020;Oct;Mon;10/26/2020
43971;2020;May;Wed;05/20/2020
44395;2021;Jul;Sun;07/18/2021
44407;2021;Jul;Fri;07/30/2021
44054;2020;Aug;Tue;08/11/2020
43835;2020;Jan;Sun;01/05/2020
43852;2020;Jan;Wed;01/22/2020
43945;2020;Apr;Fri;04/24/2020
43969;2020;May;Mon;05/18/2020
44290;2021;Apr;Sun;04/04/2021
44241;2021;Feb;Sun;02/14/2021
44326;2021;May;Mon;05/10/2021
44272;2021;Mar;Wed;03/17/2021
44282;2021;Mar;Sat;03/27/2021
44202;2021;Jan;Wed;01/06/2021
44300;2021;Apr;Wed;04/14/2021
43851;2020;Jan;Tue;01/21/2020
44238;2021;Feb;Thu;02/11/2021
44235;2021;Feb;Mon;02/08/2021
44147;2020;Nov;Thu;11/12/2020
43970;2020;May;Tue;05/19/2020
44271;2021;Mar;Tue;03/16/2021
43873;2020;Feb;Wed;02/12/2020
43911;2020;Mar;Sat;03/21/2020
43924;2020;Apr;Fri;04/03/2020
43875;2020;Feb;Fri;02/14/2020
44324;2021;May;Sat;05/08/2021
44369;2021;Jun;Tue;06/22/2021
43857;2020;Jan;Mon;01/27/2020
44137;2020;Nov;Mon;11/02/2020
43870;2020;Feb;Sun;02/09/2020
43837;2020;Jan;Tue;01/07/2020
44322;2021;May;Thu;05/06/2021
43946;2020;Apr;Sat;04/25/2020
43959;2020;May;Fri;05/08/2020
44297;2021;Apr;Sun;04/11/2021
44189;2020;Dez;Thu;12/24/2020
43990;2020;Jun;Mon;06/08/2020
44049;2020;Aug;Thu;08/06/2020
43977;2020;May;Tue;05/26/2020
44083;2020;Sep;Wed;09/09/2020
43956;2020;May;Tue;05/05/2020
44295;2021;Apr;Fri;04/09/2021
43849;2020;Jan;Sun;01/19/2020
44254;2021;Feb;Sat;02/27/2021
43915;2020;Mar;Wed;03/25/2020
44354;2021;Jun;Mon;06/07/2021
43903;2020;Mar;Fri;03/13/2020
44391;2021;Jul;Wed;07/14/2021
44264;2021;Mar;Tue;03/09/2021
44207;2021;Jan;Mon;01/11/2021
44380;2021;Jul;Sat;07/03/2021
44186;2020;Dez;Mon;12/21/2020
44105;2020;Oct;Thu;10/01/2020
44370;2021;Jun;Wed;06/23/2021
44273;2021;Mar;Thu;03/18/2021
43951;2020;Apr;Thu;04/30/2020
44344;2021;May;Fri;05/28/2021
43962;2020;May;Mon;05/11/2020
43887;2020;Feb;Wed;02/26/2020
44191;2020;Dez;Sat;12/26/2020
44034;2020;Jul;Wed;07/22/2020
43869;2020;Feb;Sat;02/08/2020
43885;2020;Feb;Mon;02/24/2020
44211;2021;Jan;Fri;01/15/2021
43964;2020;May;Wed;05/13/2020
44119;2020;Oct;Thu;10/15/2020
44402;2021;Jul;Sun;07/25/2021
43874;2020;Feb;Thu;02/13/2020
44045;2020;Aug;Sun;08/02/2020
44106;2020;Oct;Fri;10/02/2020
44173;2020;Dez;Tue;12/08/2020
44120;2020;Oct;Fri;10/16/2020
44195;2020;Dez;Wed;12/30/2020
44046;2020;Aug;Mon;08/03/2020
43934;2020;Apr;Mon;04/13/2020
43882;2020;Feb;Fri;02/21/2020
43995;2020;Jun;Sat;06/13/2020
44252;2021;Feb;Thu;02/25/2021
43976;2020;May;Mon;05/25/2020
44163;2020;Nov;Sat;11/28/2020
44269;2021;Mar;Sun;03/14/2021
44379;2021;Jul;Fri;07/02/2021
44118;2020;Oct;Wed;10/14/2020
44015;2020;Jul;Fri;07/03/2020
44154;2020;Nov;Thu;11/19/2020
44021;2020;Jul;Thu;07/09/2020
44057;2020;Aug;Fri;08/14/2020
43987;2020;Jun;Fri;06/05/2020
43932;2020;Apr;Sat;04/11/2020
44331;2021;May;Sat;05/15/2021
44048;2020;Aug;Wed;08/05/2020
44262;2021;Mar;Sun;03/07/2021
44188;2020;Dez;Wed;12/23/2020
43928;2020;Apr;Tue;04/07/2020
43991;2020;Jun;Tue;06/09/2020
44247;2021;Feb;Sat;02/20/2021
44068;2020;Aug;Tue;08/25/2020
44018;2020;Jul;Mon;07/06/2020
44318;2021;May;Sun;05/02/2021
44088;2020;Sep;Mon;09/14/2020
44016;2020;Jul;Sat;07/04/2020
43950;2020;Apr;Wed;04/29/2020
44002;2020;Jun;Sat;06/20/2020
43861;2020;Jan;Fri;01/31/2020
44289;2021;Apr;Sat;04/03/2021
44205;2021;Jan;Sat;01/09/2021
44390;2021;Jul;Tue;07/13/2021
44157;2020;Nov;Sun;11/22/2020
44136;2020;Nov;Sun;11/01/2020
44099;2020;Sep;Fri;09/25/2020
44309;2021;Apr;Fri;04/23/2021
44114;2020;Oct;Sat;10/10/2020
44233;2021;Feb;Sat;02/06/2021
44285;2021;Mar;Tue;03/30/2021
44179;2020;Dez;Mon;12/14/2020
43879;2020;Feb;Tue;02/18/2020
44196;2020;Dez;Thu;12/31/2020
44092;2020;Sep;Fri;09/18/2020
44393;2021;Jul;Fri;07/16/2021
44204;2021;Jan;Fri;01/08/2021
44178;2020;Dez;Sun;12/13/2020
44224;2021;Jan;Thu;01/28/2021
44156;2020;Nov;Sat;11/21/2020
44112;2020;Oct;Thu;10/08/2020
44341;2021;May;Tue;05/25/2021
44129;2020;Oct;Sun;10/25/2020
44060;2020;Aug;Mon;08/17/2020
44051;2020;Aug;Sat;08/08/2020
44076;2020;Sep;Wed;09/02/2020
44164;2020;Nov;Sun;11/29/2020
44365;2021;Jun;Fri;06/18/2021
44041;2020;Jul;Wed;07/29/2020
43947;2020;Apr;Sun;04/26/2020
44298;2021;Apr;Mon;04/12/2021
44405;2021;Jul;Wed;07/28/2021
43898;2020;Mar;Sun;03/08/2020
44310;2021;Apr;Sat;04/24/2021
43858;2020;Jan;Tue;01/28/2020
44245;2021;Feb;Thu;02/18/2021
43862;2020;Feb;Sat;02/01/2020
44231;2021;Feb;Thu;02/04/2021
44198;2021;Jan;Sat;01/02/2021
43996;2020;Jun;Sun;06/14/2020
44175;2020;Dez;Thu;12/10/2020
44243;2021;Feb;Tue;02/16/2021
44382;2021;Jul;Mon;07/05/2021
44100;2020;Sep;Sat;09/26/2020
44052;2020;Aug;Sun;08/09/2020
44116;2020;Oct;Mon;10/12/2020
43881;2020;Feb;Thu;02/20/2020
43919;2020;Mar;Sun;03/29/2020
44251;2021;Feb;Wed;02/24/2021
43974;2020;May;Sat;05/23/2020
44003;2020;Jun;Sun;06/21/2020
44080;2020;Sep;Sun;09/06/2020
44169;2020;Dez;Fri;12/04/2020
44067;2020;Aug;Mon;08/24/2020
44249;2021;Feb;Mon;02/22/2021
44152;2020;Nov;Tue;11/17/2020
43975;2020;May;Sun;05/24/2020
44146;2020;Nov;Wed;11/11/2020
44215;2021;Jan;Tue;01/19/2021
43912;2020;Mar;Sun;03/22/2020
44010;2020;Jun;Sun;06/28/2020
44089;2020;Sep;Tue;09/15/2020
44403;2021;Jul;Mon;07/26/2021
44333;2021;May;Mon;05/17/2021
43957;2020;May;Wed;05/06/2020
44317;2021;May;Sat;05/01/2021
44223;2021;Jan;Wed;01/27/2021
44081;2020;Sep;Mon;09/07/2020
44248;2021;Feb;Sun;02/21/2021
44042;2020;Jul;Thu;07/30/2020
44122;2020;Oct;Sun;10/18/2020
44104;2020;Sep;Wed;09/30/2020
44337;2021;May;Fri;05/21/2021
44087;2020;Sep;Sun;09/13/2020
44124;2020;Oct;Tue;10/20/2020
43907;2020;Mar;Tue;03/17/2020
44227;2021;Jan;Sun;01/31/2021
43992;2020;Jun;Wed;06/10/2020
44055;2020;Aug;Wed;08/12/2020
43910;2020;Mar;Fri;03/20/2020
43939;2020;Apr;Sat;04/18/2020
44358;2021;Jun;Fri;06/11/2021
43856;2020;Jan;Sun;01/26/2020
43854;2020;Jan;Fri;01/24/2020
43997;2020;Jun;Mon;06/15/2020
43929;2020;Apr;Wed;04/08/2020
44082;2020;Sep;Tue;09/08/2020
44153;2020;Nov;Wed;11/18/2020
44228;2021;Feb;Mon;02/01/2021
44170;2020;Dez;Sat;12/05/2020
43960;2020;May;Sat;05/09/2020
44280;2021;Mar;Thu;03/25/2021
44225;2021;Jan;Fri;01/29/2021
44213;2021;Jan;Sun;01/17/2021
44329;2021;May;Thu;05/13/2021
44074;2020;Aug;Mon;08/31/2020
43831;2020;Jan;Wed;01/01/2020
44000;2020;Jun;Thu;06/18/2020
44103;2020;Sep;Tue;09/29/2020
44166;2020;Dez;Tue;12/01/2020
44107;2020;Oct;Sat;10/03/2020
44043;2020;Jul;Fri;07/31/2020
44383;2021;Jul;Tue;07/06/2021
44345;2021;May;Sat;05/29/2021
44216;2021;Jan;Wed;01/20/2021
44277;2021;Mar;Mon;03/22/2021
44062;2020;Aug;Wed;08/19/2020
43865;2020;Feb;Tue;02/04/2020
44381;2021;Jul;Sun;07/04/2021
44217;2021;Jan;Thu;01/21/2021
43998;2020;Jun;Tue;06/16/2020
44394;2021;Jul;Sat;07/17/2021
44025;2020;Jul;Mon;07/13/2020
43883;2020;Feb;Sat;02/22/2020
44364;2021;Jun;Thu;06/17/2021
44072;2020;Aug;Sat;08/29/2020
44159;2020;Nov;Tue;11/24/2020
